{
    "颜文字": {
        "type": "emoticon",
        "container": [
                {
                    "icon": "OωO",
                    "text": "Author: XiaoXi"
                },
                {
                    "icon": "|´・ω・)ノ",
                    "text": "Hi"
                },
                {
                    "icon": "ヾ(≧∇≦*)ゝ",
                    "text": "开心"
                },
                {
                    "icon": "(☆ω☆)",
                    "text": "星星眼"
                },
                {
                    "icon": "（╯‵□′）╯︵┴─┴",
                    "text": "掀桌"
                },
                {
                    "icon": "￣﹃￣",
                    "text": "流口水"
                },
                {
                    "icon": "(/ω＼)",
                    "text": "捂脸"
                },
                {
                    "icon": "∠( ᐛ 」∠)＿",
                    "text": "给跪"
                },
                {
                    "icon": "(๑•̀ㅁ•́ฅ)",
                    "text": "Hi"
                },
                {
                    "icon": "→_→",
                    "text": "斜眼"
                },
                {
                    "icon": "୧(๑•̀⌄•́๑)૭",
                    "text": "加油"
                },
                {
                    "icon": "٩(ˊᗜˋ*)و",
                    "text": "有木有WiFi"
                },
                {
                    "icon": "(ノ°ο°)ノ",
                    "text": "前方高能预警"
                },
                {
                    "icon": "(´இ皿இ｀)",
                    "text": "我从未见过如此厚颜无耻之人"
                },
                {
                    "icon": "⌇●﹏●⌇",
                    "text": "吓死宝宝惹"
                },
                {
                    "icon": "(ฅ´ω`ฅ)",
                    "text": "已阅留爪"
                },
                {
                    "icon": "(╯°A°)╯︵○○○",
                    "text": "去吧大师球"
                },
                {
                    "icon": "φ(￣∇￣o)",
                    "text": "太萌惹"
                },
                {
                    "icon": "ヾ(´･ ･｀｡)ノ\"",
                    "text": "咦咦咦"
                },
                {
                    "icon": "( ง ᵒ̌皿ᵒ̌)ง⁼³₌₃",
                    "text": "气呼呼"
                },
                {
                    "icon": "(ó﹏ò｡)",
                    "text": "我受到了惊吓"
                },
                {
                    "icon": "Σ(っ °Д °;)っ",
                    "text": "什么鬼"
                },
                {
                    "icon": "( ,,´･ω･)ﾉ\"(´っω･｀｡)",
                    "text": "摸摸头"
                },
                {
                    "icon": "╮(╯▽╰)╭ ",
                    "text": "无奈"
                },
                {
                    "icon": "o(*////▽////*)q ",
                    "text": "脸红"
                },
                {
                    "icon": "＞﹏＜",
                    "text": ""
                },
                {
                    "icon": "( ๑´•ω•) \"(ㆆᴗㆆ)",
                    "text": ""
                },
                {
                    "icon": "(｡•ˇ‸ˇ•｡)",
                    "text": ""
                }
        ]
    },
    "阿鲁": {
        "type": "阿鲁",
        "container": [
            {
                "icon": "@(不出所料)",
                "text": "不出所料"
            },
            {
                "icon": "@(不说话)",
                "text": "不说话"
            },
            {
                "icon": "@(不高兴)",
                "text": "不高兴"
            },
            {
                "icon": "@(中刀)",
                "text": "中刀"
            },
            {
                "icon": "@(中指)",
                "text": "中指"
            },
            {
                "icon": "@(中枪)",
                "text": "中枪"
            },
            {
                "icon": "@(亲亲)",
                "text": "亲亲"
            },
            {
                "icon": "@(便便)",
                "text": "便便"
            },
            {
                "icon": "@(内伤)",
                "text": "内伤"
            },
            {
                "icon": "@(击掌)",
                "text": "击掌"
            },
            {
                "icon": "@(口水)",
                "text": "口水"
            },
            {
                "icon": "@(吐)",
                "text": "吐"
            },
            {
                "icon": "@(吐舌)",
                "text": "吐舌"
            },
            {
                "icon": "@(吐血倒地)",
                "text": "吐血倒地"
            },
            {
                "icon": "@(呲牙)",
                "text": "呲牙"
            },
            {
                "icon": "@(咽气)",
                "text": "咽气"
            },
            {
                "icon": "@(哭泣)",
                "text": "哭泣"
            },
            {
                "icon": "@(喜极而泣)",
                "text": "喜极而泣"
            },
            {
                "icon": "@(喷水)",
                "text": "喷水"
            },
            {
                "icon": "@(喷血)",
                "text": "喷血"
            },
            {
                "icon": "@(嘻嘻)",
                "text": "嘻嘻"
            },
            {
                "icon": "@(坐等)",
                "text": "坐等"
            },
            {
                "icon": "@(害羞)",
                "text": "害羞"
            },
            {
                "icon": "@(小眼睛)",
                "text": "小眼睛"
            },
            {
                "icon": "@(尴尬)",
                "text": "尴尬"
            },
            {
                "icon": "@(得意)",
                "text": "得意"
            },
            {
                "icon": "@(惊喜)",
                "text": "惊喜"
            },
            {
                "icon": "@(想一想)",
                "text": "想一想"
            },
            {
                "icon": "@(愤怒)",
                "text": "愤怒"
            },
            {
                "icon": "@(扇耳光)",
                "text": "扇耳光"
            },
            {
                "icon": "@(投降)",
                "text": "投降"
            },
            {
                "icon": "@(抠鼻)",
                "text": "抠鼻"
            },
            {
                "icon": "@(抽烟)",
                "text": "抽烟"
            },
            {
                "icon": "@(无奈)",
                "text": "无奈"
            },
            {
                "icon": "@(无所谓)",
                "text": "无所谓"
            },
            {
                "icon": "@(无语)",
                "text": "无语"
            },
            {
                "icon": "@(暗地观察)",
                "text": "暗地观察"
            },
            {
                "icon": "@(期待)",
                "text": "期待"
            },
            {
                "icon": "@(欢呼)",
                "text": "欢呼"
            },
            {
                "icon": "@(汗)",
                "text": "汗"
            },
            {
                "icon": "@(深思)",
                "text": "深思"
            },
            {
                "icon": "@(狂汗)",
                "text": "狂汗"
            },
            {
                "icon": "@(献花)",
                "text": "献花"
            },
            {
                "icon": "@(献黄瓜)",
                "text": "献黄瓜"
            },
            {
                "icon": "@(皱眉)",
                "text": "皱眉"
            },
            {
                "icon": "@(看不见)",
                "text": "看不见"
            },
            {
                "icon": "@(看热闹)",
                "text": "看热闹"
            },
            {
                "icon": "@(瞅你)",
                "text": "瞅你"
            },
            {
                "icon": "@(肿包)",
                "text": "肿包"
            },
            {
                "icon": "@(脸红)",
                "text": "脸红"
            },
            {
                "icon": "@(蜡烛)",
                "text": "蜡烛"
            },
            {
                "icon": "@(装大款)",
                "text": "装大款"
            },
            {
                "icon": "@(观察)",
                "text": "观察"
            },
            {
                "icon": "@(赞一个)",
                "text": "赞一个"
            },
            {
                "icon": "@(邪恶)",
                "text": "邪恶"
            },
            {
                "icon": "@(锁眉)",
                "text": "锁眉"
            },
            {
                "icon": "@(长草)",
                "text": "长草"
            },
            {
                "icon": "@(阴暗)",
                "text": "阴暗"
            },
            {
                "icon": "@(高兴)",
                "text": "高兴"
            },
            {
                "icon": "@(黑线)",
                "text": "黑线"
            },
            {
                "icon": "@(鼓掌)",
                "text": "鼓掌"
            }

        ]
    },
    "小电视": {
        "type": "小电视",
        "container": [
            {
                "icon": "@(亲亲嘴)",
                "text": "亲亲嘴"
            },
            {
                "icon": "@(偷笑)",
                "text": "偷笑"
            },
            {
                "icon": "@(再见)",
                "text": "再见"
            },
            {
                "icon": "@(冷漠)",
                "text": "冷漠"
            },
            {
                "icon": "@(发呆)",
                "text": "发呆"
            },
            {
                "icon": "@(发怒)",
                "text": "发怒"
            },
            {
                "icon": "@(发财)",
                "text": "发财"
            },
            {
                "icon": "@(可爱)",
                "text": "可爱"
            },
            {
                "icon": "@(吐血)",
                "text": "吐血"
            },
            {
                "icon": "@(呕吐)",
                "text": "呕吐"
            },
            {
                "icon": "@(困)",
                "text": "困"
            },
            {
                "icon": "@(坏笑)",
                "text": "坏笑"
            },
            {
                "icon": "@(大佬)",
                "text": "大佬"
            },
            {
                "icon": "@(大哭)",
                "text": "大哭"
            },
            {
                "icon": "@(好尴尬)",
                "text": "好尴尬"
            },
            {
                "icon": "@(委屈)",
                "text": "委屈"
            },
            {
                "icon": "@(害羞了)",
                "text": "害羞了"
            },
            {
                "icon": "@(微笑)",
                "text": "微笑"
            },
            {
                "icon": "@(思考)",
                "text": "思考"
            },
            {
                "icon": "@(怪脸)",
                "text": "怪脸"
            },
            {
                "icon": "@(惊吓)",
                "text": "惊吓"
            },
            {
                "icon": "@(我晕)",
                "text": "我晕"
            },
            {
                "icon": "@(打脸)",
                "text": "打脸"
            },
            {
                "icon": "@(扣鼻子)",
                "text": "扣鼻子"
            },
            {
                "icon": "@(抓狂)",
                "text": "抓狂"
            },
            {
                "icon": "@(摊手)",
                "text": "摊手"
            },
            {
                "icon": "@(斜眼笑)",
                "text": "斜眼笑"
            },
            {
                "icon": "@(流汗)",
                "text": "流汗"
            },
            {
                "icon": "@(流泪)",
                "text": "流泪"
            },
            {
                "icon": "@(点赞)",
                "text": "点赞"
            },
            {
                "icon": "@(狗头保护)",
                "text": "狗头保护"
            },
            {
                "icon": "@(生气)",
                "text": "生气"
            },
            {
                "icon": "@(生病)",
                "text": "生病"
            },
            {
                "icon": "@(留鼻血)",
                "text": "留鼻血"
            },
            {
                "icon": "@(疑问)",
                "text": "疑问"
            },
            {
                "icon": "@(白眼)",
                "text": "白眼"
            },
            {
                "icon": "@(皱眉头)",
                "text": "皱眉头"
            },
            {
                "icon": "@(目瞪口呆)",
                "text": "目瞪口呆"
            },
            {
                "icon": "@(睡着)",
                "text": "睡着"
            },
            {
                "icon": "@(笑哭)",
                "text": "笑哭"
            },
            {
                "icon": "@(腼腆)",
                "text": "腼腆"
            },
            {
                "icon": "@(色)",
                "text": "色"
            },
            {
                "icon": "@(调侃)",
                "text": "调侃"
            },
            {
                "icon": "@(调皮)",
                "text": "调皮"
            },
            {
                "icon": "@(鄙视)",
                "text": "鄙视"
            },
            {
                "icon": "@(闭嘴)",
                "text": "闭嘴"
            },
            {
                "icon": "@(难过)",
                "text": "难过"
            },
            {
                "icon": "@(馋嘴)",
                "text": "馋嘴"
            },
            {
                "icon": "@(黑人问号)",
                "text": "黑人问号"
            },
            {
                "icon": "@(鼓手掌)",
                "text": "鼓手掌"
            }
        ]
    }
}